{"assets/icons/icon_available.png":["assets/icons/icon_available.png"],"assets/icons/icon_booking.png":["assets/icons/icon_booking.png"],"assets/icons/icon_card.png":["assets/icons/icon_card.png"],"assets/icons/icon_checked.png":["assets/icons/icon_checked.png"],"assets/icons/icon_emblem.png":["assets/icons/icon_emblem.png"],"assets/icons/icon_home.png":["assets/icons/icon_home.png"],"assets/icons/icon_selected.png":["assets/icons/icon_selected.png"],"assets/icons/icon_setttings.png":["assets/icons/icon_setttings.png"],"assets/icons/icon_star.png":["assets/icons/icon_star.png"],"assets/icons/icon_unavailable.png":["assets/icons/icon_unavailable.png"],"assets/icons/logo.png":["assets/icons/logo.png"],"assets/images/ba8b4053aed6eddbf6b55afcbc254de7.jpg":["assets/images/ba8b4053aed6eddbf6b55afcbc254de7.jpg"],"assets/images/image-_destination6.png":["assets/images/image-_destination6.png"],"assets/images/image_card.png":["assets/images/image_card.png"],"assets/images/image_cardPolosan.png":["assets/images/image_cardPolosan.png"],"assets/images/image_checkout.png":["assets/images/image_checkout.png"],"assets/images/image_destination1.png":["assets/images/image_destination1.png"],"assets/images/image_destination10.png":["assets/images/image_destination10.png"],"assets/images/image_destination11.png":["assets/images/image_destination11.png"],"assets/images/image_destination12.png":["assets/images/image_destination12.png"],"assets/images/image_destination13.png":["assets/images/image_destination13.png"],"assets/images/image_destination2.png":["assets/images/image_destination2.png"],"assets/images/image_destination3.png":["assets/images/image_destination3.png"],"assets/images/image_destination4.png":["assets/images/image_destination4.png"],"assets/images/image_destination5.png":["assets/images/image_destination5.png"],"assets/images/image_destination7.png":["assets/images/image_destination7.png"],"assets/images/image_destination8.png":["assets/images/image_destination8.png"],"assets/images/image_destination9.png":["assets/images/image_destination9.png"],"assets/images/image_detailpage1.png":["assets/images/image_detailpage1.png"],"assets/images/image_detailpage2.png":["assets/images/image_detailpage2.png"],"assets/images/image_detailpage3.png":["assets/images/image_detailpage3.png"],"assets/images/image_get_started.png":["assets/images/image_get_started.png"],"assets/images/image_photo1.png":["assets/images/image_photo1.png"],"assets/images/image_photo2.png":["assets/images/image_photo2.png"],"assets/images/image_photo3.png":["assets/images/image_photo3.png"],"assets/images/image_profile.png":["assets/images/image_profile.png"],"assets/images/image_succes.png":["assets/images/image_succes.png"],"packages/cupertino_icons/assets/CupertinoIcons.ttf":["packages/cupertino_icons/assets/CupertinoIcons.ttf"]}